WT_rep1,WT_rep2,WT_rep3,KO_1_rep1,KO_1_rep2,KO_1_rep3,KO_2_rep1,KO_2_rep2,KO_2_rep3
4.630471708,4.61278404,4.60660307,0.97784503,0.847167218,1.10416476,4.228605254,4.173449029,4.307891356
3.796001589,3.868375741,4.012724121,0.755007409,0.724786645,0.719358498,4.065984352,4.173216132,4.156757907
3.93504512,3.858319884,3.906750934,0.941513764,1.013230919,0.908775727,4.147551878,4.241668581,4.25891194
4.294056472,4.114695607,4.114070754,0.731907046,0.836544406,0.718622727,4.265059279,4.22186886,4.263128823
3.604896481,3.887939797,3.836875078,0.982254134,0.901273261,0.921597942,4.074325417,4.087142878,3.854284418
4.269782049,4.477779194,4.30411174,0.684547052,0.7430821,0.812897229,3.954315427,3.922359555,3.868032878
